id,part,official_number,question_type,response_subtype,prompt,options,correct_answer,accepted_answers,primary_points,difficulty,topic,rule_tested,action_required,answer_pattern,partial_policy,normalization_policy,shared_context_id,explanation,qa_status,source_ref
A1,A,1,multi_select_five,letter_set_csv,"Укажите слова, в которых на месте пропуска пишется буква А.","{""A"":""предпол..гать"",""B"":""прик..снуться"",""C"":""оз..рённый"",""D"":""заг..реть"",""E"":""пл..вец""}","A,C",,2,easy,Орфография корня,"Чередующиеся гласные лаг/лож, кас/кос, зар/зор, гар/гор, плав/плов",Выбрать все слова с буквой А,"^[A-E](,[A-E]){1,4}$",one_error_half_credit,conservative,,"Предполагать: лаг перед суффиксом -а-. Озарённый: в безударном корне зар/зор пишется а. Остальные формы: прикоснуться, загореть, пловец.",passed,original_authoring_qa_2026-07-10
A2,A,2,multi_select_five,letter_set_csv,"Укажите слова, в которых на месте пропуска пишется буква И.","{""A"":""зам..рать"",""B"":""расст..лить"",""C"":""бл..стательный"",""D"":""выб..ру"",""E"":""соч..тание""}","A,C",,2,easy,Орфография корня,"Чередующиеся корни мер/мир, стел/стил, блест/блист, бер/бир",Выбрать все слова с буквой И,"^[A-E](,[A-E]){1,4}$",one_error_half_credit,conservative,,"Замирать и блистательный пишутся с и перед суффиксом -а-. Правильно: расстелить, выберу, сочетание.",passed,original_authoring_qa_2026-07-10
A3,A,3,multi_select_five,letter_set_csv,"Укажите слова, в которых пишутся две одинаковые согласные подряд.","{""A"":""искусственный"",""B"":""расчётливый"",""C"":""коллекционный"",""D"":""гостиница"",""E"":""поддержанный""}","A,C,E",,2,medium,Орфография согласных,Удвоенные согласные на стыке морфем и в заимствованных словах,Выбрать слова с удвоенной согласной,"^[A-E](,[A-E]){1,4}$",one_error_half_credit,conservative,,"Удвоенные согласные есть в словах искусственный, коллекционный, поддержанный. В словах расчётливый и гостиница удвоения нет.",passed,original_authoring_qa_2026-07-10
A4,A,4,multi_select_five,letter_set_csv,"Укажите слова, в которых на месте пропуска пишется буква Е.","{""A"":""постро..нный"",""B"":""бор..шься"",""C"":""закле..нный"",""D"":""вид..мый"",""E"":""рассе..вший""}","A,B,C",,2,medium,Орфография форм,Суффиксы причастий и личные окончания глаголов,Выбрать формы с буквой Е,"^[A-E](,[A-E]){1,4}$",one_error_half_credit,conservative,,"Правильно: построенный, борешься, заклеенный. В остальных формах: видимый, рассеявший.",passed,original_authoring_qa_2026-07-10
A5,A,5,multi_select_five,letter_set_csv,"Прочитайте предложение. Укажите позиции, в которых пишется частица НИ.

Как (1) старался Андрей закончить работу до темноты, он всё же (2) успел проверить расчёты, (3) разу не отвлёкся, (4) с кем не спорил и (5) отказался от помощи.","{""A"":""(1)"",""B"":""(2)"",""C"":""(3)"",""D"":""(4)"",""E"":""(5)""}","A,C,D",,2,medium,НЕ и НИ,НИ в уступительных конструкциях и усилительном отрицании,Определить позиции частицы НИ,"^[A-E](,[A-E]){1,4}$",one_error_half_credit,conservative,,"Пишется: как ни старался, ни разу, ни с кем. В остальных позициях: не успел, не отказался.",passed,original_authoring_qa_2026-07-10
A6,A,6,multi_select_five,letter_set_csv,"Укажите варианты, в которых НЕ со словом пишется раздельно.","{""A"":""далеко (не)простое решение"",""B"":""(не)законченная вовремя работа"",""C"":""(не)высокий, а низкий забор"",""D"":""(не)долюбливать соседа"",""E"":""(не)брежный почерк""}","A,B,C",,2,medium,НЕ со словами,"Раздельное и слитное написание НЕ с прилагательными, причастиями и глаголами",Выбрать случаи раздельного написания,"^[A-E](,[A-E]){1,4}$",one_error_half_credit,conservative,,"Раздельно: далеко не простое; не законченная вовремя работа, где зависимое слово обозначает время действия; не высокий, а низкий. Слитно: недолюбливать, небрежный.",passed,original_authoring_qa_2026-07-10
A7,A,7,multi_select_five,letter_set_csv,"Укажите слова, которые пишутся через дефис.","{""A"":""(по)весеннему"",""B"":""(пол)апельсина"",""C"":""(полу)остров"",""D"":""(железно)дорожный"",""E"":""(мало)известный""}","A,B",,2,easy,Дефисное написание,Наречия с по- и слова с пол-/полу-,Выбрать дефисные написания,"^[A-E](,[A-E]){1,4}$",one_error_half_credit,conservative,,По-весеннему пишется через дефис по модели по-...-ему. Пол-апельсина пишется через дефис перед гласной. Остальные слова пишутся слитно.,passed,original_authoring_qa_2026-07-10
A8,A,8,multi_select_five,letter_set_csv,"Укажите предложения, в которых сочетание в скобках пишется слитно.","{""A"":""Он повторил (то)же правило, что и вчера."",""B"":""Мы задержались, (за)то закончили отчёт."",""C"":""Я пришёл, (что)бы обсудить результаты."",""D"":""Мы действовали (по)тому плану, который утвердили утром."",""E"":""В комнате было тихо, (от)того разговор слышался особенно отчётливо.""}","B,C,E",,2,medium,Слитное и раздельное написание,"Союзы, местоименные сочетания и наречия-омонимы",Выбрать слитные написания,"^[A-E](,[A-E]){1,4}$",one_error_half_credit,conservative,,"Слитно пишутся союзы зато, чтобы и наречие оттого со значением причины. Раздельно: то же правило, по тому плану.",passed,original_authoring_qa_2026-07-10
A9,A,9,multi_select_five,letter_set_csv,"Укажите предложения, в которых на месте знака □ необходимо поставить тире.","{""A"":""Главная цель экспедиции □ собрать образцы грунта."",""B"":""Лес □ словно огромный зелёный шатёр."",""C"":""Пятью пять □ двадцать пять."",""D"":""Самое трудное □ это начать."",""E"":""Его голос □ тихий и ровный.""}","A,C,D",,2,medium,Пунктуация,Тире между подлежащим и именной частью сказуемого,Выбрать предложения с обязательным тире,"^[A-E](,[A-E]){1,4}$",one_error_half_credit,conservative,,"Тире требуется в конструкциях цель — собрать, пятью пять — двадцать пять, самое трудное — это начать. Перед словно тире обычно не ставится; в E нейтральная норма не требует тире.",passed,original_authoring_qa_2026-07-10
A10,A,10,multi_select_five,letter_set_csv,"Укажите предложения, в которых выделенную конструкцию необходимо обособить запятыми.","{""A"":""*Озарённая утренним солнцем* площадь быстро наполнилась людьми."",""B"":""Площадь *озарённая утренним солнцем* быстро наполнилась людьми."",""C"":""*Смеясь* дети выбежали во двор."",""D"":""Мы вошли в дом *построенный ещё до войны*."",""E"":""Он отвечал *тихо и уверенно*.""}","B,C,D",,2,medium,Обособление,Причастные и деепричастные обороты,Выбрать конструкции с обязательным обособлением,"^[A-E](,[A-E]){1,4}$",one_error_half_credit,conservative,,Причастные обороты после определяемого слова в B и D обособляются. Деепричастие смеясь в C обособляется. В A определение перед существительным не обособляется. В E однородные наречия не обособляются.,corrected,original_authoring_qa_2026-07-10
A11,A,11,multi_select_five,letter_set_csv,"Укажите предложения, в которых выделенное слово или сочетание является вводным и должно обособляться.","{""A"":""*По словам синоптика* вечером похолодает."",""B"":""Решение задачи оказалось *очевидно*."",""C"":""Он *вероятно* задержится до утра."",""D"":""*Однако* вечером ветер стих."",""E"":""*К счастью* поезд отправился вовремя.""}","A,C,E",,2,medium,Вводные слова,"Источник сообщения, степень уверенности и эмоциональная оценка",Выбрать вводные единицы,"^[A-E](,[A-E]){1,4}$",one_error_half_credit,conservative,,"По словам синоптика указывает на источник сообщения, вероятно выражает степень уверенности, к счастью передаёт оценку. Очевидно в B входит в сказуемое. Однако в начале предложения является союзом.",passed,original_authoring_qa_2026-07-10
A12,A,12,multi_select_five,letter_set_csv,"Укажите предложения, в которых на месте знака □ между однородными членами необходимо поставить запятую.","{""A"":""В саду росли яблони□ груши□ сливы."",""B"":""В комнате было светло□ и прохладно."",""C"":""Он то ускорял шаг□ то внезапно останавливался."",""D"":""Мы взяли с собой карту□ и компас."",""E"":""Он вошёл в кабинет□ и сразу сел.""}","A,C",,2,medium,Однородные члены,Бессоюзное перечисление и повторяющиеся союзы,Выбрать предложения с запятой,"^[A-E](,[A-E]){1,4}$",one_error_half_credit,conservative,,В A три однородных члена перечислены без союзов. В C повторяется союз то... то. При одиночном союзе и запятая не ставится.,passed,original_authoring_qa_2026-07-10
A13,A,13,multi_select_five,letter_set_csv,"Укажите предложения, в которых знаки препинания расставлены правильно.","{""A"":""Когда стемнело, мы зажгли фонари."",""B"":""Я знал, что поезд опоздает, и поэтому не спешил."",""C"":""Ветер усилился и, волны стали выше."",""D"":""Дом, который стоял у реки был пуст."",""E"":""Солнце скрылось за тучами, но дождь так и не начался.""}","A,B,E",,2,medium,Пунктуация сложного предложения,"СПП, ССП и границы придаточной части",Выбрать правильно оформленные предложения,"^[A-E](,[A-E]){1,4}$",one_error_half_credit,conservative,,"В A отделено придаточное времени. В B запятая закрывает придаточную часть. В E запятая стоит перед но. В C запятая ошибочна, в D пропущена запятая после придаточного.",passed,original_authoring_qa_2026-07-10
A14,A,14,multi_select_five,letter_set_csv,"Укажите предложения, в которых знаки препинания расставлены правильно.","{""A"":""Я оглянулся: за окном уже светало."",""B"":""Сделаешь шаг вперёд — дорога станет понятнее."",""C"":""Когда мы вышли на улицу: дождь уже закончился."",""D"":""Он сказал: что вернётся к вечеру."",""E"":""Я хотел возразить, но понял: спор продолжать бессмысленно.""}","A,B,E",,2,medium-hard,Сложная пунктуация,Двоеточие и тире в бессоюзных и комбинированных конструкциях,Выбрать правильно оформленные предложения,"^[A-E](,[A-E]){1,4}$",one_error_half_credit,conservative,,В A вторая часть поясняет увиденное; в B тире передаёт условно-следственное отношение; в E раскрывается содержание мысли. В C и D двоеточие разрывает главную и придаточную части.,passed,original_authoring_qa_2026-07-10
A15,A,15,multi_select_five,letter_set_csv,"Укажите примеры, в которых чужая речь оформлена правильно.","{""A"":""«Я вернусь завтра», — сказал Андрей."",""B"":""Марина спросила: «Вы уже закончили работу?»"",""C"":""«Поторопись! — крикнул проводник. — Поезд отправляется»."",""D"":""Он сказал, «Я всё проверил»."",""E"":""«Где вы были»? — спросила она.""}","A,B,C",,2,medium,Чужая речь,Прямая речь до и после слов автора,Выбрать нормативное оформление,"^[A-E](,[A-E]){1,4}$",one_error_half_credit,conservative,,"В A, B и C прямая речь оформлена нормативно. В D требуется двоеточие. В E вопросительный знак должен стоять внутри кавычек.",passed,original_authoring_qa_2026-07-10
A16,A,16,multi_select_five,letter_set_csv,"Укажите предложения, в которых перед КАК необходимо поставить запятую.","{""A"":""Он работал как переводчик."",""B"":""Снег искрился на солнце как россыпь стекла."",""C"":""Пётр известен как опытный врач."",""D"":""Её голос звенел как маленький колокольчик."",""E"":""Он воспринял замечание как полезный совет.""}","B,D",,2,medium,Обороты с как,Сравнительный оборот и значение роли,Выбрать предложения с обязательной запятой,"^[A-E](,[A-E]){1,4}$",one_error_half_credit,conservative,,"В B и D обороты имеют значение свободного сравнения. В A и C как обозначает роль или качество, в E оборот входит в смысл сказуемого.",passed,original_authoring_qa_2026-07-10
A17,A,17,multi_select_five,letter_set_csv,Какие утверждения соответствуют содержанию текста?,"{""A"":""Старый резервуар продолжал использоваться по первоначальному назначению."",""B"":""Чтобы улучшить обзор, исследователи полностью перестроили здание."",""C"":""Уже в первую весну после обустройства площадки там появились птицы нескольких видов."",""D"":""Станцией могут пользоваться только профессиональные биологи."",""E"":""Опыт станции показывает, что небольшое переосмысленное городское пространство может быть полезно и природе, и обучению.""}","C,E",,2,medium,Понимание текста,Извлечение фактов и обобщённого смысла,Выбрать верные утверждения,"^[A-E](,[A-E]){1,4}$",one_error_half_credit,conservative,text_1,В предложении 6 сказано о птицах нескольких видов уже первой весной. Предложения 8–9 подтверждают пользу пространства для природы и обучения.,passed,original_authoring_qa_2026-07-10
A18,A,18,multi_select_five,letter_set_csv,Какие характеристики соответствуют тексту?,"{""A"":""Результаты наблюдений изложены доступно для неспециалиста."",""B"":""Текст представляет собой инструкцию с обязательной последовательностью действий."",""C"":""В тексте сочетаются повествование и рассуждение."",""D"":""Главная задача текста — эмоционально изобразить один мгновенный пейзаж."",""E"":""Автор доказывает, что любой городской природный проект требует полной перестройки здания.""}","A,C",,2,medium,Текстоведение,Характер изложения и типы речи,Выбрать верные характеристики,"^[A-E](,[A-E]){1,4}$",one_error_half_credit,conservative,text_1,Текст доступно сообщает о наблюдениях и выводах. В нём есть последовательность событий и рассуждение с общим выводом.,corrected,original_authoring_qa_2026-07-10
B1,B,1,short_answer_token,digits,"Какие средства связи используются между предложениями 7 и 8?
1) личное местоимение
2) сочинительный союз в начале предложения
3) указательное местоименное наречие
4) однокоренные слова
5) лексический повтор

Запишите номера выбранных средств подряд без пробелов и знаков препинания. Порядок цифр не имеет значения.",,,"[""35"",""53""]",2,medium,Средства связи предложений,Местоименное наречие и лексический повтор,Определить средства связи,^[1-5]{2}$,none,conservative,text_1,"Предложение 8 начинается словом поэтому, которое выражает следствие и является указательным местоименным наречием. Слова птицам и птиц образуют лексический повтор.",reconstructed_and_corrected,original_authoring_qa_2026-07-10
B2,B,2,short_answer_token,word,"Из предложения 9 выпишите слово со значением «осмыслить заново, придать новое назначение или понимание».",,,"[""переосмыслить""]",2,easy-medium,Лексика текста,Контекстное значение слова,Найти слово по толкованию,^[А-Яа-яЁё-]+$,none,conservative,text_1,Требуемое значение имеет глагол переосмыслить.,reconstructed,original_authoring_qa_2026-07-10
B3,B,3,short_answer_token,word,"Из предложения 3 выпишите прилагательное с НЕ, которое пишется слитно.",,,"[""невыполнимой""]",2,easy-medium,Орфография по тексту,Слитное написание НЕ с прилагательным,Выписать нормативную словоформу,^[А-Яа-яЁё-]+$,none,conservative,text_1,Невыполнимой пишется слитно: слово можно заменить синонимом без не — неосуществимой.,reconstructed,original_authoring_qa_2026-07-10
B4,B,4,short_answer_token,word,"Из предложения 8 выпишите существительное с приставкой ПРИ-, которая имеет значение приближения.",,,"[""прилёта"",""прилета""]",2,easy-medium,Орфография по тексту,Значение приставки при-,Найти слово в тексте,^[А-Яа-яЁё-]+$,none,conservative,text_1,В слове прилёта приставка при- обозначает приближение.,reconstructed,original_authoring_qa_2026-07-10
B5,B,5,short_answer_token,word,"Из предложения 6 выпишите наречие, в котором звуков на один меньше, чем букв.",,,"[""здесь""]",2,medium,Фонетика,Соотношение букв и звуков,Найти слово по фонетическому признаку,^[А-Яа-яЁё-]+$,none,conservative,text_1,В слове здесь пять букв и четыре звука: мягкий знак отдельного звука не обозначает.,reconstructed,original_authoring_qa_2026-07-10
B6,B,6,short_answer_token,word,"Из предложения 9 выпишите относительное местоимение, которое является союзным словом.",,,"[""которое""]",2,easy-medium,Морфология,Разряд местоимения и функция союзного слова,Найти слово в тексте,^[А-Яа-яЁё-]+$,none,conservative,text_1,Которое — относительное местоимение и член придаточной части.,reconstructed,original_authoring_qa_2026-07-10
B7,B,7,short_answer_token,digits,"Какие морфологические признаки соответствуют глаголу «служит» в предложении 8?
1) совершенный вид
2) прошедшее время
3) изъявительное наклонение
4) настоящее время
5) множественное число

Запишите номера выбранных признаков подряд без пробелов и знаков препинания. Порядок цифр не имеет значения.",,,"[""34"",""43""]",2,medium,Морфология,Морфологические признаки глагола,Выбрать верные признаки,^[1-5]{2}$,none,conservative,text_1,"Служит — глагол несовершенного вида, изъявительного наклонения, настоящего времени, единственного числа.",reconstructed,original_authoring_qa_2026-07-10
B8,B,8,short_answer_token,word,Из предложения 7 выпишите начальную форму согласованного определения к существительному «участков».,,,"[""спокойный""]",2,medium,Морфология,Начальная форма прилагательного,Определить и записать начальную форму,^[А-Яа-яЁё-]+$,none,conservative,text_1,Определение спокойных согласуется с существительным участков; начальная форма — спокойный.,reconstructed,original_authoring_qa_2026-07-10
B9,B,9,short_answer_token,word,Определите вид подчинительной связи в словосочетании «учебной площадкой» из предложения 8. Запишите термин одним словом.,,,"[""согласование""]",2,medium,Синтаксис,Виды подчинительной связи,Назвать тип связи,^[А-Яа-яЁё-]+$,none,conservative,text_1,"Зависимое прилагательное изменяется вместе с существительным в роде, числе и падеже: это согласование.",reconstructed,original_authoring_qa_2026-07-10
B10,B,10,short_answer_token,word,Образуйте от слова «исходный» прилагательное с приставкой БЕЗ-. Запишите получившееся слово.,,,"[""безысходный""]",2,easy-medium,Орфография,Ы после русской приставки на согласную,Образовать и записать слово,^[А-Яа-яЁё-]+$,none,conservative,,После русской приставки на согласную начальная и корня заменяется на ы: безысходный.,reconstructed,original_authoring_qa_2026-07-10
B11,B,11,short_answer_token,word,"Запишите слово, вставив Н или НН: тщательно организова..ый семинар.",,,"[""организованный""]",2,easy-medium,Орфография,Н и НН в суффиксах причастий,Восстановить нормативное написание,^[А-Яа-яЁё-]+$,none,conservative,,Полное страдательное причастие с суффиксом -ованн- пишется с двумя н: организованный.,reconstructed,original_authoring_qa_2026-07-10
B12,B,12,short_answer_token,word,"В микротексте допущена одна орфографическая ошибка.

Вечером туристы расположились у костра и, несмотря на усталость, долго обсуждали завтрашний маршрут. Проводник напомнил, что в горах погода изменчива и расчитывать только на прогноз нельзя.

Выпишите ошибочно написанное слово, исправив его.",,,"[""рассчитывать""]",2,easy-medium,Орфография,Удвоенная согласная на стыке приставки и корня,Исправить слово,^[А-Яа-яЁё-]+$,none,conservative,,Нормативное написание — рассчитывать.,passed,original_authoring_qa_2026-07-10
B13,B,13,short_answer_token,digits,"Укажите цифры, на месте которых необходимо поставить запятые.

Когда поезд (1) наконец (2) остановился (3) пассажиры (4) утомлённые долгой дорогой (5) молча вышли на платформу.

Запишите выбранные цифры подряд без пробелов и знаков препинания. Порядок цифр не имеет значения.",,,"[""345"",""354"",""435"",""453"",""534"",""543""]",2,medium,Пунктуация,Граница придаточной части и обособление причастного оборота,Выбрать позиции запятых,^[1-5]{3}$,none,conservative,,Запятая 3 отделяет придаточную часть времени. Запятые 4 и 5 обособляют распространённый причастный оборот. Наконец здесь не является вводным.,passed,original_authoring_qa_2026-07-10
B14,B,14,short_answer_token,word,"Как называется раздел языкознания, изучающий словарный состав языка? Запишите термин одним словом в именительном падеже.",,,"[""лексикология""]",2,easy-medium,Лексика и фразеология,Лингвистический термин,Назвать раздел языкознания,^[А-Яа-яЁё-]+$,none,conservative,,"Раздел языкознания, изучающий словарный состав языка, называется лексикологией.",corrected,original_authoring_qa_2026-07-10
B15,B,15,short_answer_token,word,"Из предложения выпишите вспомогательный глагол, входящий в составное глагольное сказуемое.

После разговора сотрудник начал работать внимательнее.",,,"[""начал""]",2,medium,Синтаксис,Составное глагольное сказуемое,Выписать вспомогательную часть,^[А-Яа-яЁё-]+$,none,conservative,,В сочетании начал работать глагол начал выражает фазовое значение и является вспомогательной частью сказуемого.,passed,original_authoring_qa_2026-07-10
B16,B,16,short_answer_token,digits,"Укажите предложения, в которых нарушены лексические нормы.
1. Команда одержала поражение в финальном матче.
2. Редактор исправил неточность в заголовке.
3. Главная суть предложения стала понятна после обсуждения.
4. Экспедиция достигла цели раньше установленного срока.
5. Руководитель уделил внимание каждому замечанию.

Запишите номера выбранных предложений подряд без пробелов и знаков препинания. Порядок цифр не имеет значения.",,,"[""13"",""31""]",2,medium-hard,Лексические нормы,Лексическая сочетаемость и речевая избыточность,Найти предложения с нарушениями,^[1-5]{2}$,none,conservative,,"Нормативно: потерпела поражение, но одержала победу. Сочетание главная суть избыточно. Остальные предложения нормативны.",corrected,original_authoring_qa_2026-07-10
B17,B,17,short_answer_token,word,"Поставьте числительное, данное в скобках, в нормативную форму. Запишите только получившуюся форму.

К экспедиции присоединилось около (пятьсот) добровольцев.",,,"[""пятисот""]",2,medium,Морфологические нормы,Склонение количественного числительного,Записать форму родительного падежа,^[А-Яа-яЁё-]+$,none,conservative,,Предлог около требует родительного падежа: около пятисот добровольцев.,passed,original_authoring_qa_2026-07-10
B18,B,18,short_answer_token,digits,"Укажите предложения, в которых нарушены синтаксические нормы.
1. Прочитав отчёт, у меня возникли дополнительные вопросы.
2. Те, кто участвовал в обсуждении, поддержали принятое решение.
3. Согласно приказа сотрудники должны пройти инструктаж.
4. Пассажиры своевременно оплатили за проезд.
5. Автор не только описал проблему, но и предложил способ её решения.

Запишите номера выбранных предложений подряд без пробелов и знаков препинания. Порядок цифр не имеет значения.",,,"[""134"",""143"",""314"",""341"",""413"",""431""]",2,hard,Синтаксические нормы,Деепричастный оборот и управление,Найти предложения с нарушениями,^[1-5]{3}$,none,conservative,,В 1 действие деепричастия не относится к грамматическому подлежащему. После согласно нужен дательный падеж: согласно приказу. Глагол оплатить употребляется без предлога: оплатить проезд.,passed,original_authoring_qa_2026-07-10
B19,B,19,short_answer_token,alnum,"Установите соответствие между словами и особенностями их морфемного состава.

Слова:
А. подснежник
Б. серебристый
В. ледокол
Г. бездорожье

Особенности морфемного состава:
1. В слове два корня, соединительная гласная и нулевое окончание.
2. В слове есть приставка, корень, суффикс и нулевое окончание.
3. В слове есть корень, суффикс и выраженное окончание, но нет приставки.
4. В слове есть приставка, корень, суффикс и выраженное окончание.
5. В слове есть только корень и нулевое окончание.

Запишите ответ без пробелов в формате А2Б3В1Г4.",,,"[""А2Б3В1Г4""]",2,hard,Морфемика,Морфемный состав слова,Установить четыре соответствия,^А[1-5]Б[1-5]В[1-5]Г[1-5]$,none,conservative,,"Подснежник: приставка, корень, суффикс, нулевое окончание. Серебристый: корень, суффикс, выраженное окончание. Ледокол: два корня, соединительная гласная, нулевое окончание. Бездорожье: приставка, корень, суффикс, выраженное окончание.",corrected,original_authoring_qa_2026-07-10
B20,B,20,short_answer_token,alnum,"Установите соответствие между словами и способами их образования.

Слова:
А. каменщик
Б. сверхмощный
В. птицефабрика
Г. подберёзовик

Способы образования:
1. Приставочный.
2. Суффиксальный.
3. Приставочно-суффиксальный.
4. Сложение основ.
5. Бессуффиксный.

Запишите ответ без пробелов в формате А2Б1В4Г3.",,,"[""А2Б1В4Г3""]",2,hard,Словообразование,Способы образования слов,Установить четыре соответствия,^А[1-5]Б[1-5]В[1-5]Г[1-5]$,none,conservative,,"Каменщик образован суффиксальным способом, сверхмощный — приставочным, птицефабрика — сложением основ, подберёзовик — приставочно-суффиксальным.",corrected,original_authoring_qa_2026-07-10
B21,B,21,short_answer_token,alnum,"Установите соответствие между выделенными словами и частями речи, к которым они относятся.

Предложения:
А. *Впереди* показалась пристань.
Б. *Вследствие* тумана рейс задержали.
В. *Даже* опытный проводник ошибся.
Г. Мы вернулись, *потому что* началась гроза.

Части речи:
1. Союз.
2. Частица.
3. Наречие.
4. Производный предлог.
5. Местоимение.

Запишите ответ без пробелов в формате А3Б4В2Г1.",,,"[""А3Б4В2Г1""]",2,hard,Морфология,Части речи,Установить четыре соответствия,^А[1-5]Б[1-5]В[1-5]Г[1-5]$,none,conservative,,Впереди — наречие; вследствие — производный предлог; даже — частица; потому что — составной подчинительный союз.,corrected,original_authoring_qa_2026-07-10
B22,B,22,short_answer_token,alnum,"Установите соответствие между предложениями и их синтаксическими характеристиками.

Предложения:
А. Когда рассвело, лодки вышли из бухты.
Б. Ветер ослаб, и море быстро успокоилось.
В. Я поднял фонарь: тропа исчезла в тумане.
Г. Я понял, что мост закрыт, и мы свернули к переправе.

Синтаксические характеристики:
1. Сложноподчинённое предложение.
2. Сложносочинённое предложение.
3. Бессоюзное сложное предложение.
4. Сложное предложение с разными видами связи.
5. Простое осложнённое предложение.

Запишите ответ без пробелов в формате А1Б2В3Г4.",,,"[""А1Б2В3Г4""]",2,hard,Синтаксис,Типы сложных предложений,Установить четыре соответствия,^А[1-5]Б[1-5]В[1-5]Г[1-5]$,none,conservative,,А — СПП; Б — ССП; В — бессоюзное сложное; Г содержит подчинительную и сочинительную связь.,corrected,original_authoring_qa_2026-07-10
